year,quarter,EPS,BVPS,Revenue
2016,4,422.36647286479007,10038.2351666103,116582132715
