year,quarter,EPS,BVPS,Revenue
2017,4,401.526624,17530.0817355,17435243054
2017,3,0.0,0.0,25549937622
2016,4,278.207394,18176.71624,26412615787
