year,quarter,EPS,BVPS,Revenue
2017,4,-1165.703884,12587.2513835,8796888556
2017,3,0.0,0.0,20129553418
2014,3,0.0,0.0,19990023289
2013,3,0.0,0.0,15328883457
