year,quarter,EPS,BVPS,Revenue
2017,4,410.7526390658177,2451.4707275123,19275298338
