year,quarter,EPS,BVPS,Revenue
2013,4,496.0630699106358,17849.4212321432,74102269534
2013,3,1065.0835238891025,17350.3636622222,112222092249
2013,2,811.3014233126963,16254.7425469726,118123708258
