year,quarter,EPS,BVPS,Revenue
2025,3,84.4767367145876,10197.1358021781,83255892932
2025,2,82.37746819324896,10197.1358021781,136793038247
2025,1,58.02031116611933,10197.1358021781,71900745671
