year,quarter,EPS,BVPS,Revenue
2016,4,1862.8372945454546,11555.6543897727,74764094373
2016,3,0.0,0.0,17240511491
