year,quarter,EPS,BVPS,Revenue
2015,4,572.570566024664,10583.3862640294,50394666347
2015,3,0.0,0.0,45834232959
