year,quarter,EPS,BVPS,Revenue
2013,3,6196.7834781432775,12237.2997440752,6721689601
2013,2,-973.0957010040908,7438.4501994658,8300617926
