year,quarter,EPS,BVPS,Revenue
2020,3,18.737466,10047.6161136,81532697690
2020,2,9.053286,10028.8786476,34848905475
2020,1,19.8253616,10866.9901366,35526640765
2019,4,358.7281738,10847.164775,163951730826
2019,3,0.0,0.0,121531929701
2019,2,152.8745166,0.0,198847245637
2019,1,0.0,0.0,177226048776
