year,quarter,EPS,BVPS,Revenue
2025,3,26499.835167207773,204186.3783882783,829828786192
