year,quarter,EPS,BVPS,Revenue
2017,4,440.20026866666666,16401.8851253333,91134209400
2017,3,141.19089166666666,0.0,250370195891
