year,quarter,EPS,BVPS,Revenue
2013,1,252.04975145277604,13664.0623648208,6186997260
