year,quarter,EPS,BVPS,Revenue
2016,4,-340.06736373952,12160.3191307294,27628843227
2016,3,0.0,0.0,42408272027
