year,quarter,EPS,BVPS,Revenue
2019,4,-8332.658382362173,9296.0559634979,234267084042
2019,3,0.0,0.0,205226588794
