year,quarter,EPS,BVPS,Revenue
2013,2,1046.081515093514,20667.2029976804,72286565010
2013,1,801.6238824783987,21221.8183654639,60731709288
