year,quarter,EPS,BVPS,Revenue
2018,1,0.0,0.0,0
2017,4,403.06732889378736,16406.5044409644,3000000
2017,3,0.0,0.0,0
2017,2,0.0,0.0,0
2017,1,0.0,0.0,0
