year,quarter,EPS
2025,3,-3752.7947610206047
2025,2,-3725.5445536413736
2025,1,-3666.796692907952
2024,4,-1485.8915384276045
2024,3,-87.30752497080448
2024,2,-76.76534406883866
