year,quarter,EPS,BVPS,Revenue
2016,4,2329.56168075,11282.219108,40725604479
2016,2,0.0,0.0,25248407510
2015,2,0.0,0.0,12327057988
