year,quarter,EPS,BVPS,Revenue
2016,1,0.0,0.0,13640260586
2015,4,303.9784095421268,11411.3610767465,10976421000
