year,quarter,EPS,BVPS,Revenue
2025,3,488.16439537778854,10383.3017080928,34476568596
2025,2,101.23153522263799,10383.3017080928,37270661401
