year,quarter,EPS,BVPS,Revenue
2021,3,582.6866246,1018.0051916,50149912000
