year,quarter,EPS,BVPS,Revenue
2025,1,484.95981322376696,20400.0875256821,216735029714
