year,quarter,EPS,BVPS,Revenue
2018,2,-194.47314235955056,11534.7796762921,51899018187
2018,1,0.0,0.0,67663924139
