year,quarter,EPS,BVPS,Revenue
2016,4,148.56778266536332,14119.546626875,87450388694
