year,quarter,EPS,BVPS,Revenue
2016,3,0.0,0.0,4365947446
2016,2,0.0,0.0,5721938988
2016,1,0.0,0.0,4003289658
2015,3,0.0,0.0,7557282020
2015,2,-411.74636404500666,0.0,6114113221
2015,1,-464.30289674746143,0.0,4649318464
2014,4,75.90235199795528,0.0,16873925692
2014,3,-382.26085922663117,0.0,7624945596
2014,2,-575.2573305621131,0.0,6372286313
2014,1,-929.1206714253834,0.0,5289052381
2013,1,-1368.116977454059,-3901.1508628061,7971402302
