year,quarter,EPS,BVPS,Revenue
2014,1,-31.806403137026546,7474.2736895918,0
2013,4,125.24703877860777,7506.0800927289,17409532351
2013,3,-27.643072782185556,7380.8330539502,0
2013,2,-16.632019432152585,7408.4761267324,0
2013,1,-70.61265504863417,7425.1081461646,0
2008,2,0.0,0.0,9513197163
2008,1,0.0,0.0,4951121174
