year,quarter,EPS,BVPS,Revenue
2013,1,-129.1123666480928,14573.3314126263,2857334514
2008,2,0.0,0.0,16572847287
