year,quarter,EPS,BVPS,Revenue
2013,3,-196.74789261904763,-22271.9157088095,6546321158
