year,quarter,EPS,BVPS,Revenue
2015,1,71.7126434,0.0,2870105437
2014,4,-3818.0051404,0.0,6974979299
2014,3,-1251.7742778,1278.3419874,3282977341
2014,2,-2646.6901318,2530.116265,25180662528
2014,1,-45.851087,6129.8886998,4648039875
2013,4,2658.0166518,8347.6059818,32631711492
2013,3,-209.4815348,5689.58933,3735709092
2013,2,-1445.3028992,6969.863495,17033902693
2013,1,-225.2033588,8658.1561844,22567998954
