year,quarter,EPS,BVPS,Revenue
2013,1,22.391141302456173,3723.345146477,18518503745
