year,quarter,EPS,BVPS,Revenue
2013,1,-909.6093514,-572.9959863333,40295446678
