year,quarter,EPS,BVPS,Revenue
2016,4,-18.8142872,11979.0524268,215007010899
2016,3,0.0,0.0,141839106821
