year,quarter,EPS,BVPS,Revenue
2017,4,641.609930972389,10898.2267769108,180222534024
2017,3,0.0,0.0,25425862506
