year,quarter,EPS,BVPS,Revenue
2025,3,682.2387788827357,5258.0101516105,1515277611497
2025,2,499.2568982481031,0.0,1428854404103
2025,1,227.5205142450692,0.0,1286800261959
