year,quarter,EPS,BVPS,Revenue
2025,3,128.25556300639155,10605.7131182753,153378538992
2025,2,211.4118477543868,10477.4575552689,212929493726
2025,1,77.75824686578804,10741.1972931895,75743892707
2024,4,342.57340776623374,11200.9729731688,316952414905
2024,3,83.98916974025974,10859.4904744935,107741355468
2024,2,150.22277868571427,10653.2097652571,159757168549
2024,1,53.218891285714285,10653.2097652571,69771831303
2023,4,256.97472777142855,10653.2097652571,224928325227
