year,quarter,EPS,BVPS,Revenue
2015,1,0.0,0.0,144570470
2014,4,-1544.6382352,2340.6092652,494912552
2014,3,-430.8904838,3885.2475004,0
2014,2,-483.8135669,4316.1379842,131217291
2014,1,-453.4753482,5253.4268993,138849893
2013,4,-201.4630434,5253.4268993,0
2013,3,-194.1261162,8494.1243859,138849893
2013,2,-2635.3407504,8688.2505021,343117598
2013,1,4.5787082,11323.5912525,1557641088
