year,quarter,EPS,BVPS,Revenue
2013,1,-205.52584424091035,8585.0104032195,893660748
