year,quarter,EPS,BVPS,Revenue
2017,4,383.53845228309876,12839.647656795,63314479087
2017,3,0.0,0.0,68168064528
2016,3,0.0,0.0,59188209078
