year,quarter,EPS,BVPS,Revenue
2017,2,0.0,0.0,16657117257
2016,4,424.8673906785264,10631.8471656613,13225827747
